X1,X2,X3,hola,X4,X5
4.937955964,3.492095746,5.222432601,-31.12362308,9.307573256,3.53352228
5.227328294,7.259556789,7.699935531,-15.91463893,8.584127518,5.836561119
4.275410184,8.9711026,2.158210275,9.739016614,4.289940274,0.77734637
0.254191267,8.870864243,6.228904758,-10.67676939,7.508710678,9.743948077
1.07891427,7.798755459,0.85347465,-13.25196306,7.545428741,9.862107445
